{"cameraMode":{"drawMode":0,"name":"Shaded","section":"Shading Mode"},"sceneLighting":true,"audioPlay":false,"sceneViewState":{"m_AlwaysRefresh":false,"showFog":true,"showSkybox":true,"showFlares":true,"showImageEffects":true,"showParticleSystems":true,"showVisualEffectGraphs":true,"m_FxEnabled":true},"in2DMode":false,"pivot":{"x":1.0100494623184205,"y":-13.666937828063965,"z":5.49603796005249},"rotation":{"x":0.45167773962020876,"y":-0.19131456315517426,"z":0.09981877356767655,"w":0.8656927943229675},"size":15.271053314208985,"orthographic":false}