{"cameraMode":{"drawMode":0,"name":"Shaded","section":"Shading Mode"},"sceneLighting":true,"audioPlay":false,"sceneViewState":{"m_AlwaysRefresh":false,"showFog":true,"showSkybox":true,"showFlares":true,"showImageEffects":true,"showParticleSystems":true,"showVisualEffectGraphs":true,"m_FxEnabled":true},"in2DMode":false,"pivot":{"x":553.784423828125,"y":579.4221801757813,"z":-26.032012939453126},"rotation":{"x":0.01784597896039486,"y":-0.13010883331298829,"z":0.0023422129452228548,"w":0.9913360476493836},"size":700.3982543945313,"orthographic":true}