{"cameraMode":{"drawMode":0,"name":"Shaded","section":"Shading Mode"},"sceneLighting":true,"audioPlay":false,"sceneViewState":{"m_AlwaysRefresh":false,"showFog":true,"showSkybox":true,"showFlares":true,"showImageEffects":true,"showParticleSystems":true,"showVisualEffectGraphs":true,"m_FxEnabled":true},"in2DMode":false,"pivot":{"x":-3.9372620582580568,"y":-30.15838050842285,"z":14.035704612731934},"rotation":{"x":-0.5317444205284119,"y":0.038587555289268497,"z":-0.024262700229883195,"w":-0.8456806540489197},"size":40.34929275512695,"orthographic":false}